Webpage Title,Content Titles,Links,Date Last Updated,Image Links
What is Web Scraping and How to Use It? - GeeksforGeeks,What is Web Scraping and How to Use It?,#main,"03 Mar, 2025",https://media.geeksforgeeks.org/auth-dashboard-uploads/ep_right.svg
What is Web Scraping and How to Use It? - GeeksforGeeks,Table of Content,https://www.geeksforgeeks.org/,"03 Mar, 2025",https://media.geeksforgeeks.org/wp-content/cdn-uploads/20200622222131/What-is-Web-Scraping-and-How-to-Use-It.png
What is Web Scraping and How to Use It? - GeeksforGeeks,What is Web Scraping?,https://www.geeksforgeeks.org/courses/dsa-to-development-coding-guide?itm_source=geeksforgeeks&itm_medium=main_header&itm_campaign=courses,"03 Mar, 2025",https://media.geeksforgeeks.org/auth-dashboard-uploads/googleplay.png
What is Web Scraping and How to Use It? - GeeksforGeeks,How Web Scrapers Work?,https://www.geeksforgeeks.org/courses/data-science-live?itm_source=geeksforgeeks&itm_medium=main_header&itm_campaign=courses,"03 Mar, 2025",https://media.geeksforgeeks.org/auth-dashboard-uploads/appstore.png
What is Web Scraping and How to Use It? - GeeksforGeeks,Types of Web Scrapers,https://www.geeksforgeeks.org/courses/mastering-generative-ai-and-chat-gpt?itm_source=geeksforgeeks&itm_medium=main_header&itm_campaign=courses,"03 Mar, 2025",
What is Web Scraping and How to Use It? - GeeksforGeeks,Why is Python a Popular Programming Language for Web Scraping?,https://www.geeksforgeeks.org/courses/search?query=AWS&itm_source=geeksforgeeks&itm_medium=main_header&itm_campaign=courses,"03 Mar, 2025",
What is Web Scraping and How to Use It? - GeeksforGeeks,What is Web Scraping Used for?,https://www.geeksforgeeks.org/courses/dsa-self-paced?itm_source=geeksforgeeks&itm_medium=main_header&itm_campaign=courses,"03 Mar, 2025",
What is Web Scraping and How to Use It? - GeeksforGeeks,1. Price Monitoring,https://www.geeksforgeeks.org/courses/Data-Structures-With-Python?itm_source=geeksforgeeks&itm_medium=main_header&itm_campaign=courses,"03 Mar, 2025",
What is Web Scraping and How to Use It? - GeeksforGeeks,2. Market Research,https://www.geeksforgeeks.org/courses/data-structures-and-algorithms-in-javascript?itm_source=geeksforgeeks&itm_medium=main_header&itm_campaign=courses,"03 Mar, 2025",
What is Web Scraping and How to Use It? - GeeksforGeeks,3. News Monitoring,https://www.geeksforgeeks.org/courses/cpp-programming-basic-to-advanced?itm_source=geeksforgeeks&itm_medium=main_header&itm_campaign=courses,"03 Mar, 2025",
What is Web Scraping and How to Use It? - GeeksforGeeks,4. Sentiment Analysis,https://www.geeksforgeeks.org/courses/Java-Programming-basic-to-advanced?itm_source=geeksforgeeks&itm_medium=main_header&itm_campaign=courses,"03 Mar, 2025",
What is Web Scraping and How to Use It? - GeeksforGeeks,5. Email Marketing,https://www.geeksforgeeks.org/courses/Python-Foundation?itm_source=geeksforgeeks&itm_medium=main_header&itm_campaign=courses,"03 Mar, 2025",
What is Web Scraping and How to Use It? - GeeksforGeeks,Similar Reads,https://www.geeksforgeeks.org/courses/javascript?itm_source=geeksforgeeks&itm_medium=main_header&itm_campaign=courses,"03 Mar, 2025",
What is Web Scraping and How to Use It? - GeeksforGeeks,Getting Started with python-requests,https://www.geeksforgeeks.org/courses/c-Programming-basic-to-advanced?itm_source=geeksforgeeks&itm_medium=main_header&itm_campaign=courses,"03 Mar, 2025",
What is Web Scraping and How to Use It? - GeeksforGeeks,HTTP Request Methods,https://www.geeksforgeeks.org/courses?itm_source=geeksforgeeks&itm_medium=main_header&itm_campaign=courses,"03 Mar, 2025",
What is Web Scraping and How to Use It? - GeeksforGeeks,Response Methods,https://www.geeksforgeeks.org/python-programming-language-tutorial/?ref=outind,"03 Mar, 2025",
What is Web Scraping and How to Use It? - GeeksforGeeks,Projects,https://www.geeksforgeeks.org/python-programming-examples/?ref=outind,"03 Mar, 2025",
What is Web Scraping and How to Use It? - GeeksforGeeks,Thank You!,https://www.geeksforgeeks.org/python-quizzes/?ref=outind,"03 Mar, 2025",
What is Web Scraping and How to Use It? - GeeksforGeeks,What kind of Experience do you want to share?,https://www.geeksforgeeks.org/python-projects-beginner-to-advanced/?ref=outind,"03 Mar, 2025",
